<?xml version="1.0"?>
<adf>
  <banner>
    <details>
      <uniqueId>3d3d5b68cfb9523f5155dca361512324</uniqueId>
      <format>Standard</format>
      <name>Standard</name>
      <events>1</events>
    </details>
    <settings>
      <responsiveWidth>0</responsiveWidth>
      <responsiveHeight>0</responsiveHeight>
      <landingPageTarget>_blank</landingPageTarget>
    </settings>
    <assets>
      <asset>
        <sourceType>src</sourceType>
        <fileName><![CDATA[Standard_main_asset]]></fileName>
        <clickTagNames/>
        <eventIds/>
      </asset>
    </assets>
    <bannerClickTags/>
    <bannerEvents/>
    <variables/>
  </banner>
</adf>
