<?xml version="1.0"?>
<adf>
  <banner>
    <details>
      <uniqueId>b895f41725c6620e590c449e1faff8783</uniqueId>
      <format>Standard</format>
      <name>Standard</name>
      <events>1</events>
    </details>
    <settings>
      <landingPageTarget>_blank</landingPageTarget>
    </settings>
    <assets>
      <asset>
        <sourceType>src</sourceType>
        <fileName>Main asseta608ebc380301d21592fe1443ec8d8e80</fileName>
        <clickTagNames>
          <clickTagName>clickTAG1</clickTagName>
          <clickTagName>clickTAG2</clickTagName>
          <clickTagName>clickTAG3</clickTagName>
          <clickTagName>clickTAG4</clickTagName>
          <clickTagName>clickTAG5</clickTagName>
          <clickTagName>clickTAG6</clickTagName>
          <clickTagName>clickTAG7</clickTagName>
          <clickTagName>clickTAG8</clickTagName>
          <clickTagName>clickTAG9</clickTagName>
        </clickTagNames>
        <eventIds/>
      </asset>
    </assets>
    <bannerClickTags>
      <bannerClickTag name="clickTAG1" displayName="clickTAG1"><![CDATA[http://www.blivcoopmedlemnu.dk/?utm_campaign=sparidagogrestenaflivet&utm_source=paid_media&utm_medium=website&utm_term=slider&utm_content=website_930x180]]></bannerClickTag>
      <bannerClickTag name="clickTAG2" displayName="clickTAG2"><![CDATA[http://www.blivcoopmedlemnu.dk/?utm_campaign=sparidagogrestenaflivet&utm_source=paid_media&utm_medium=website&utm_term=slider&utm_content=website_930x180]]></bannerClickTag>
      <bannerClickTag name="clickTAG3" displayName="clickTAG3"><![CDATA[http://www.blivcoopmedlemnu.dk/?utm_campaign=sparidagogrestenaflivet&utm_source=paid_media&utm_medium=website&utm_term=slider&utm_content=website_930x180]]></bannerClickTag>
      <bannerClickTag name="clickTAG4" displayName="clickTAG4"><![CDATA[http://www.blivcoopmedlemnu.dk/?utm_campaign=sparidagogrestenaflivet&utm_source=paid_media&utm_medium=website&utm_term=slider&utm_content=website_930x180]]></bannerClickTag>
      <bannerClickTag name="clickTAG5" displayName="clickTAG5"><![CDATA[http://www.blivcoopmedlemnu.dk/?utm_campaign=sparidagogrestenaflivet&utm_source=paid_media&utm_medium=website&utm_term=slider&utm_content=website_930x180]]></bannerClickTag>
      <bannerClickTag name="clickTAG6" displayName="clickTAG6"><![CDATA[http://www.blivcoopmedlemnu.dk/?utm_campaign=sparidagogrestenaflivet&utm_source=paid_media&utm_medium=website&utm_term=slider&utm_content=website_930x180]]></bannerClickTag>
      <bannerClickTag name="clickTAG7" displayName="clickTAG7"><![CDATA[http://www.blivcoopmedlemnu.dk/?utm_campaign=sparidagogrestenaflivet&utm_source=paid_media&utm_medium=website&utm_term=slider&utm_content=website_930x180]]></bannerClickTag>
      <bannerClickTag name="clickTAG8" displayName="clickTAG8"><![CDATA[http://www.blivcoopmedlemnu.dk/?utm_campaign=sparidagogrestenaflivet&utm_source=paid_media&utm_medium=website&utm_term=slider&utm_content=website_930x180]]></bannerClickTag>
      <bannerClickTag name="clickTAG9" displayName="clickTAG9"><![CDATA[http://www.blivcoopmedlemnu.dk/?utm_campaign=sparidagogrestenaflivet&utm_source=paid_media&utm_medium=website&utm_term=slider&utm_content=website_930x180]]></bannerClickTag>
    </bannerClickTags>
    <bannerEvents/>
    <variables/>
  </banner>
</adf>
